user,x,y,cog,soc,group,boost,connections,x_mean,x_std,y_mean,y_std
1,26.136823685084074,7.267581786057377,49.729114892335225,40.0,1,0.49174869700667206,"[(1, 151), (1, 185), (1, 74), (1, 145), (1, 138), (1, 180)]",65.00463115607327,31.542297420228977,25.36464333127534,20.696330196331758
2,59.623834864745426,49.751488750786194,88.46109669244923,26.666666666666668,2,1.3356163363008877,"[(2, 95), (2, 235), (2, 37), (2, 101)]",65.00463115607327,31.542297420228977,25.36464333127534,20.696330196331758
3,91.39806226071659,19.190999607761185,92.26327289560243,33.33333333333333,2,1.3356163363008877,"[(3, 58), (3, 43), (3, 238), (3, 18), (3, 59)]",65.00463115607327,31.542297420228977,25.36464333127534,20.696330196331758
4,78.28533395041683,12.221623769856986,70.43384662660374,40.0,3,1.8045644934378846,"[(4, 167), (4, 131), (4, 223), (4, 181), (4, 189), (4, 175)]",65.00463115607327,31.542297420228977,25.36464333127534,20.696330196331758
5,40.712823380862474,14.972818444070812,57.03702445239287,33.33333333333333,2,1.3356163363008877,"[(5, 174), (5, 163), (5, 132), (5, 160), (5, 134)]",65.00463115607327,31.542297420228977,25.36464333127534,20.696330196331758
6,72.96640776421329,19.5236928616507,41.20598965156627,40.0,2,1.3356163363008877,"[(6, 14), (6, 8), (6, 206), (6, 46), (6, 91), (6, 195)]",65.00463115607327,31.542297420228977,25.36464333127534,20.696330196331758
7,45.705294192454076,49.25134573102894,69.30360041069507,13.333333333333334,2,1.3356163363008877,"[(7, 39), (7, 29)]",65.00463115607327,31.542297420228977,25.36464333127534,20.696330196331758
8,69.36960774268184,23.269545297413448,81.74270052141348,46.666666666666664,2,1.3356163363008877,"[(8, 55), (8, 73), (8, 46), (8, 195), (8, 52), (8, 27), (8, 6)]",65.00463115607327,31.542297420228977,25.36464333127534,20.696330196331758
9,51.30776869976962,3.8197978946196187,81.32550280652043,6.666666666666667,2,1.3356163363008877,"[(9, 49)]",65.00463115607327,31.542297420228977,25.36464333127534,20.696330196331758
10,72.97416727977375,37.32569213657161,90.14392053287675,33.33333333333333,2,1.3356163363008877,"[(10, 17), (10, 236), (10, 20), (10, 31), (10, 85)]",65.00463115607327,31.542297420228977,25.36464333127534,20.696330196331758
11,50.58530610837199,33.407635313500506,93.64007361853032,13.333333333333334,2,1.3356163363008877,"[(11, 50), (11, 227)]",65.00463115607327,31.542297420228977,25.36464333127534,20.696330196331758
12,36.822592072537965,51.07917261972288,94.10941373999368,6.666666666666667,1,0.49174869700667206,"[(12, 243)]",65.00463115607327,31.542297420228977,25.36464333127534,20.696330196331758
13,42.4402062349602,67.27224811929301,100.0,6.666666666666667,5,3.0632181633613738,"[(13, 287)]",65.00463115607327,31.542297420228977,25.36464333127534,20.696330196331758
14,75.1636131431652,13.20792826679521,73.76157786250937,53.333333333333336,3,1.8045644934378846,"[(14, 167), (14, 175), (14, 157), (14, 131), (14, 228), (14, 153), (14, 21), (14, 6)]",65.00463115607327,31.542297420228977,25.36464333127534,20.696330196331758
15,46.934280144027866,20.77292131786944,66.96280040287877,20.0,2,1.3356163363008877,"[(15, 67), (15, 62), (15, 51)]",65.00463115607327,31.542297420228977,25.36464333127534,20.696330196331758
16,66.66714103355156,3.325017336779954,47.68476742490497,13.333333333333334,2,1.3356163363008877,"[(16, 244), (16, 68)]",65.00463115607327,31.542297420228977,25.36464333127534,20.696330196331758
17,67.20307393830677,34.221220844506,93.97844024173892,46.666666666666664,2,1.3356163363008877,"[(17, 10), (17, 239), (17, 249), (17, 66), (17, 31), (17, 208), (17, 237)]",65.00463115607327,31.542297420228977,25.36464333127534,20.696330196331758
18,91.10450828578406,22.1311538604886,78.27302656393694,33.33333333333333,2,1.3356163363008877,"[(18, 3), (18, 43), (18, 99), (18, 58), (18, 59)]",65.00463115607327,31.542297420228977,25.36464333127534,20.696330196331758
19,93.16916567234068,43.6100020601573,98.46257636909282,20.0,2,1.3356163363008877,"[(19, 42), (19, 35), (19, 107)]",65.00463115607327,31.542297420228977,25.36464333127534,20.696330196331758
20,76.45580719013097,41.4582983467019,80.76479844755487,13.333333333333334,2,1.3356163363008877,"[(20, 10), (20, 31)]",65.00463115607327,31.542297420228977,25.36464333127534,20.696330196331758
21,75.73569843929981,11.213802764543079,94.62711586207817,53.333333333333336,3,1.8045644934378846,"[(21, 167), (21, 14), (21, 172), (21, 137), (21, 228), (21, 153), (21, 189), (21, 175)]",65.00463115607327,31.542297420228977,25.36464333127534,20.696330196331758
22,35.68886032363568,33.04024600686413,63.912403800536154,13.333333333333334,1,0.49174869700667206,"[(22, 94), (22, 61)]",65.00463115607327,31.542297420228977,25.36464333127534,20.696330196331758
23,98.08270379111977,37.64420678067879,48.36963218033096,13.333333333333334,2,1.3356163363008877,"[(23, 42), (23, 226)]",65.00463115607327,31.542297420228977,25.36464333127534,20.696330196331758
24,65.41657761231926,27.58687550420147,83.38682067757478,26.666666666666668,2,1.3356163363008877,"[(24, 239), (24, 73), (24, 27), (24, 66)]",65.00463115607327,31.542297420228977,25.36464333127534,20.696330196331758
25,64.53117362127102,18.236105573984226,75.02067646039181,46.666666666666664,2,1.3356163363008877,"[(25, 78), (25, 206), (25, 46), (25, 199), (25, 248), (25, 52), (25, 38)]",65.00463115607327,31.542297420228977,25.36464333127534,20.696330196331758
26,52.86221534804006,40.29264136644372,62.30072414678284,26.666666666666668,2,1.3356163363008877,"[(26, 222), (26, 227), (26, 233), (26, 197)]",65.00463115607327,31.542297420228977,25.36464333127534,20.696330196331758
27,65.00459266685122,23.815835979584882,97.89082531090975,33.33333333333333,2,1.3356163363008877,"[(27, 55), (27, 73), (27, 52), (27, 8), (27, 24)]",65.00463115607327,31.542297420228977,25.36464333127534,20.696330196331758
28,63.419117274269446,35.14170032905303,58.23607133807012,26.666666666666668,2,1.3356163363008877,"[(28, 114), (28, 71), (28, 83), (28, 237)]",65.00463115607327,31.542297420228977,25.36464333127534,20.696330196331758
29,43.02545745278913,54.40588910673124,100.0,26.666666666666668,5,3.0632181633613738,"[(29, 7), (29, 193), (29, 39), (29, 82)]",65.00463115607327,31.542297420228977,25.36464333127534,20.696330196331758
30,82.32020163683984,29.474362409965412,50.95140089017997,33.33333333333333,2,1.3356163363008877,"[(30, 214), (30, 203), (30, 205), (30, 210), (30, 34)]",65.00463115607327,31.542297420228977,25.36464333127534,20.696330196331758
31,72.80706294113409,35.8254060721545,50.346531366104855,46.666666666666664,2,1.3356163363008877,"[(31, 85), (31, 20), (31, 56), (31, 84), (31, 17), (31, 236), (31, 10)]",65.00463115607327,31.542297420228977,25.36464333127534,20.696330196331758
32,27.933348561651385,28.775360481429594,23.87510722168966,13.333333333333334,1,0.49174869700667206,"[(32, 94), (32, 204)]",65.00463115607327,31.542297420228977,25.36464333127534,20.696330196331758
33,59.05197983816037,9.349062245211115,56.6341220329734,66.66666666666666,2,1.3356163363008877,"[(33, 188), (33, 140), (33, 177), (33, 57), (33, 65), (33, 77), (33, 199), (33, 169), (33, 220), (33, 158)]",65.00463115607327,31.542297420228977,25.36464333127534,20.696330196331758
34,77.64899593477175,25.261923050580922,51.039148592528186,40.0,2,1.3356163363008877,"[(34, 203), (34, 84), (34, 214), (34, 30), (34, 205), (34, 195)]",65.00463115607327,31.542297420228977,25.36464333127534,20.696330196331758
35,96.25234449753836,45.55434738173799,58.855111337112234,20.0,2,1.3356163363008877,"[(35, 19), (35, 103), (35, 107)]",65.00463115607327,31.542297420228977,25.36464333127534,20.696330196331758
36,86.70741109419018,78.22982355345779,99.26507852686196,40.0,4,2.2906891961074507,"[(36, 112), (36, 266), (36, 296), (36, 268), (36, 298), (36, 284)]",65.00463115607327,31.542297420228977,25.36464333127534,20.696330196331758
37,55.50674533951135,51.229809693768274,95.70071989002942,26.666666666666668,2,1.3356163363008877,"[(37, 235), (37, 242), (37, 79), (37, 2)]",65.00463115607327,31.542297420228977,25.36464333127534,20.696330196331758
38,61.5849288047714,19.59170545455655,76.41818574069731,26.666666666666668,2,1.3356163363008877,"[(38, 206), (38, 199), (38, 25), (38, 52)]",65.00463115607327,31.542297420228977,25.36464333127534,20.696330196331758
39,48.991001543260104,52.53651988758838,75.53779734721273,13.333333333333334,2,1.3356163363008877,"[(39, 7), (39, 29)]",65.00463115607327,31.542297420228977,25.36464333127534,20.696330196331758
40,79.47108750245654,55.49469592935127,46.737604878982886,20.0,2,1.3356163363008877,"[(40, 41), (40, 240), (40, 110)]",65.00463115607327,31.542297420228977,25.36464333127534,20.696330196331758
41,82.15047028631294,59.183788057903556,83.11793577599522,20.0,2,1.3356163363008877,"[(41, 246), (41, 240), (41, 40)]",65.00463115607327,31.542297420228977,25.36464333127534,20.696330196331758
42,92.50320964967229,40.36622184248957,48.176208603793526,20.0,2,1.3356163363008877,"[(42, 23), (42, 19), (42, 103)]",65.00463115607327,31.542297420228977,25.36464333127534,20.696330196331758
43,95.39207267917219,17.702339381099492,59.138200916119146,20.0,2,1.3356163363008877,"[(43, 3), (43, 149), (43, 18)]",65.00463115607327,31.542297420228977,25.36464333127534,20.696330196331758
44,31.401030764665038,56.02208349104901,100.0,13.333333333333334,5,3.0632181633613738,"[(44, 109), (44, 215)]",65.00463115607327,31.542297420228977,25.36464333127534,20.696330196331758
45,57.97329544936047,24.250299875564927,68.166610492495,13.333333333333334,2,1.3356163363008877,"[(45, 55), (45, 78)]",65.00463115607327,31.542297420228977,25.36464333127534,20.696330196331758
46,69.22464376271446,17.960885625094694,44.53628275087762,66.66666666666666,2,1.3356163363008877,"[(46, 126), (46, 8), (46, 206), (46, 135), (46, 172), (46, 25), (46, 52), (46, 181), (46, 153), (46, 6)]",65.00463115607327,31.542297420228977,25.36464333127534,20.696330196331758
47,52.157042037331394,71.78569672961646,98.12013693626315,0.0,4,2.2906891961074507,[],65.00463115607327,31.542297420228977,25.36464333127534,20.696330196331758
48,27.85926463003898,43.65031762984661,44.239464027305054,13.333333333333334,1,0.49174869700667206,"[(48, 196), (48, 231)]",65.00463115607327,31.542297420228977,25.36464333127534,20.696330196331758
49,49.51366426272952,0.20143556077009706,97.05985854143279,6.666666666666667,2,1.3356163363008877,"[(49, 9)]",65.00463115607327,31.542297420228977,25.36464333127534,20.696330196331758
50,46.673939571340284,37.567567862973,83.4552111129591,33.33333333333333,2,1.3356163363008877,"[(50, 222), (50, 227), (50, 11), (50, 233), (50, 234)]",65.00463115607327,31.542297420228977,25.36464333127534,20.696330196331758
51,46.406912677467986,22.731543295849313,44.17187130553708,20.0,2,1.3356163363008877,"[(51, 15), (51, 200), (51, 62)]",65.00463115607327,31.542297420228977,25.36464333127534,20.696330196331758
52,63.42451039665833,20.939077332852282,96.1801599690524,53.333333333333336,2,1.3356163363008877,"[(52, 55), (52, 8), (52, 206), (52, 46), (52, 38), (52, 248), (52, 27), (52, 25)]",65.00463115607327,31.542297420228977,25.36464333127534,20.696330196331758
53,69.43023138855678,58.15756640482042,91.35468775402941,6.666666666666667,2,1.3356163363008877,"[(53, 257)]",65.00463115607327,31.542297420228977,25.36464333127534,20.696330196331758
54,56.98246100140083,46.398616997223286,81.64682331466474,20.0,2,1.3356163363008877,"[(54, 101), (54, 79), (54, 235)]",65.00463115607327,31.542297420228977,25.36464333127534,20.696330196331758
55,64.01270343673092,27.162057604087394,55.29669463047464,46.666666666666664,2,1.3356163363008877,"[(55, 8), (55, 45), (55, 73), (55, 66), (55, 116), (55, 52), (55, 27)]",65.00463115607327,31.542297420228977,25.36464333127534,20.696330196331758
56,76.33522724512387,32.74056593259783,47.744893906108906,20.0,2,1.3356163363008877,"[(56, 85), (56, 31), (56, 210)]",65.00463115607327,31.542297420228977,25.36464333127534,20.696330196331758
57,58.394810822150916,8.43873889810748,53.536435184119846,60.0,2,1.3356163363008877,"[(57, 77), (57, 155), (57, 177), (57, 184), (57, 65), (57, 199), (57, 220), (57, 33), (57, 147)]",65.00463115607327,31.542297420228977,25.36464333127534,20.696330196331758
58,88.36954877438592,18.3146725998117,44.489520749065775,46.666666666666664,2,1.3356163363008877,"[(58, 3), (58, 238), (58, 148), (58, 190), (58, 59), (58, 144), (58, 18)]",65.00463115607327,31.542297420228977,25.36464333127534,20.696330196331758
59,89.97502887926021,23.71264997156175,60.371755277571125,33.33333333333333,2,1.3356163363008877,"[(59, 58), (59, 3), (59, 99), (59, 238), (59, 18)]",65.00463115607327,31.542297420228977,25.36464333127534,20.696330196331758
60,1.1039275727534772,27.244570771721136,21.415868452866455,6.666666666666667,1,0.49174869700667206,"[(60, 70)]",65.00463115607327,31.542297420228977,25.36464333127534,20.696330196331758
61,41.77172348626278,32.40071972254546,43.50122659968981,13.333333333333334,2,1.3356163363008877,"[(61, 22), (61, 234)]",65.00463115607327,31.542297420228977,25.36464333127534,20.696330196331758
62,50.9987716636962,21.41080191393766,73.31716388836722,20.0,2,1.3356163363008877,"[(62, 15), (62, 67), (62, 51)]",65.00463115607327,31.542297420228977,25.36464333127534,20.696330196331758
63,97.09866470621064,26.835398240366697,75.60841386640928,13.333333333333334,2,1.3356163363008877,"[(63, 104), (63, 217)]",65.00463115607327,31.542297420228977,25.36464333127534,20.696330196331758
64,87.16223967385966,35.62968392678464,58.31514360862107,6.666666666666667,2,1.3356163363008877,"[(64, 212)]",65.00463115607327,31.542297420228977,25.36464333127534,20.696330196331758
65,55.6872712528138,10.722031917402758,65.8615396857057,80.0,3,1.8045644934378846,"[(65, 188), (65, 155), (65, 140), (65, 57), (65, 184), (65, 77), (65, 199), (65, 169), (65, 220), (65, 158), (65, 33), (65, 147)]",65.00463115607327,31.542297420228977,25.36464333127534,20.696330196331758
66,63.72941965633978,33.25156000068674,91.42916299576997,53.333333333333336,2,1.3356163363008877,"[(66, 55), (66, 24), (66, 239), (66, 17), (66, 116), (66, 236), (66, 83), (66, 69)]",65.00463115607327,31.542297420228977,25.36464333127534,20.696330196331758
67,46.00671777014237,25.35607056937901,46.14819920509934,20.0,2,1.3356163363008877,"[(67, 15), (67, 200), (67, 62)]",65.00463115607327,31.542297420228977,25.36464333127534,20.696330196331758
68,72.59751828622865,2.6408910850707734,42.5104955363622,6.666666666666667,2,1.3356163363008877,"[(68, 16)]",65.00463115607327,31.542297420228977,25.36464333127534,20.696330196331758
69,65.19141156230752,35.66776969770146,41.00353086244495,53.333333333333336,2,1.3356163363008877,"[(69, 71), (69, 239), (69, 249), (69, 66), (69, 114), (69, 208), (69, 236), (69, 83)]",65.00463115607327,31.542297420228977,25.36464333127534,20.696330196331758
70,1.2490315517501287,23.79093570962978,46.99104842908544,6.666666666666667,1,0.49174869700667206,"[(70, 60)]",65.00463115607327,31.542297420228977,25.36464333127534,20.696330196331758
71,65.13780812552318,41.12029285306691,80.14734726732038,33.33333333333333,2,1.3356163363008877,"[(71, 101), (71, 28), (71, 208), (71, 83), (71, 69)]",65.00463115607327,31.542297420228977,25.36464333127534,20.696330196331758
72,60.67912855498482,1.9349920971695447,85.28909640902388,6.666666666666667,2,1.3356163363008877,"[(72, 244)]",65.00463115607327,31.542297420228977,25.36464333127534,20.696330196331758
73,67.81991205550901,26.458424972193068,67.61185693341305,46.666666666666664,2,1.3356163363008877,"[(73, 55), (73, 8), (73, 24), (73, 239), (73, 206), (73, 195), (73, 27)]",65.00463115607327,31.542297420228977,25.36464333127534,20.696330196331758
74,28.28340664033164,9.63932821313692,68.88098829897334,86.66666666666667,3,1.8045644934378846,"[(74, 154), (74, 141), (74, 142), (74, 176), (74, 151), (74, 88), (74, 80), (74, 125), (74, 138), (74, 145), (74, 123), (74, 1), (74, 124)]",65.00463115607327,31.542297420228977,25.36464333127534,20.696330196331758
75,68.77208417541355,82.79657653004602,80.52984828470065,6.666666666666667,4,2.2906891961074507,"[(75, 265)]",60.44141265510299,51.065206393051476,47.47994274061597,39.27104108740336
76,84.30954559091204,4.047577920290877,47.24037783677153,20.0,2,1.3356163363008877,"[(76, 223), (76, 198), (76, 171)]",60.44141265510299,51.065206393051476,47.47994274061597,39.27104108740336
77,56.97705990747826,10.918551014496515,83.9219686950701,66.66666666666666,3,1.8045644934378846,"[(77, 140), (77, 177), (77, 169), (77, 220), (77, 184), (77, 65), (77, 199), (77, 57), (77, 33), (77, 147)]",60.44141265510299,51.065206393051476,47.47994274061597,39.27104108740336
78,60.555485027524576,18.209253977019902,79.17364997393452,33.33333333333333,2,1.3356163363008877,"[(78, 211), (78, 155), (78, 248), (78, 45), (78, 25)]",60.44141265510299,51.065206393051476,47.47994274061597,39.27104108740336
79,56.21381376202445,51.83874461592733,86.15187803852275,33.33333333333333,2,1.3356163363008877,"[(79, 95), (79, 235), (79, 54), (79, 242), (79, 37)]",60.44141265510299,51.065206393051476,47.47994274061597,39.27104108740336
80,34.62305515179859,8.110929028103577,74.35411147958452,60.0,2,1.3356163363008877,"[(80, 119), (80, 134), (80, 176), (80, 151), (80, 150), (80, 74), (80, 125), (80, 138), (80, 123)]",60.44141265510299,51.065206393051476,47.47994274061597,39.27104108740336
81,73.69746387878605,49.185459470058255,47.381399093720894,6.666666666666667,2,1.3356163363008877,"[(81, 216)]",60.44141265510299,51.065206393051476,47.47994274061597,39.27104108740336
82,43.15473961011013,60.09214117989218,100.0,13.333333333333334,5,3.0632181633613738,"[(82, 209), (82, 29)]",60.44141265510299,51.065206393051476,47.47994274061597,39.27104108740336
83,61.976267697152885,35.639955350497615,91.89255122787273,33.33333333333333,2,1.3356163363008877,"[(83, 66), (83, 28), (83, 71), (83, 237), (83, 69)]",60.44141265510299,51.065206393051476,47.47994274061597,39.27104108740336
84,74.118166531849,30.08070332272417,51.688406384858496,33.33333333333333,2,1.3356163363008877,"[(84, 214), (84, 31), (84, 34), (84, 195), (84, 85)]",60.44141265510299,51.065206393051476,47.47994274061597,39.27104108740336
85,77.58289187842504,33.29523699423178,98.99932438057847,33.33333333333333,2,1.3356163363008877,"[(85, 10), (85, 31), (85, 56), (85, 219), (85, 84)]",60.44141265510299,51.065206393051476,47.47994274061597,39.27104108740336
86,76.81084245579922,25.44300352346342,77.6698239977215,33.33333333333333,2,1.3356163363008877,"[(86, 214), (86, 203), (86, 91), (86, 195), (86, 205)]",60.44141265510299,51.065206393051476,47.47994274061597,39.27104108740336
87,28.065321151984357,76.19645823076107,100.0,0.0,5,3.0632181633613738,[],60.44141265510299,51.065206393051476,47.47994274061597,39.27104108740336
88,29.50687982483699,15.882180821533392,65.20334547955972,53.333333333333336,1,0.49174869700667206,"[(88, 141), (88, 142), (88, 151), (88, 150), (88, 74), (88, 125), (88, 138), (88, 123)]",60.44141265510299,51.065206393051476,47.47994274061597,39.27104108740336
89,52.356504960456355,5.608753138169426,40.37269525460136,13.333333333333334,2,1.3356163363008877,"[(89, 201), (89, 147)]",60.44141265510299,51.065206393051476,47.47994274061597,39.27104108740336
90,61.46063312498648,99.59245689150676,87.90190609275278,6.666666666666667,4,2.2906891961074507,"[(90, 258)]",60.44141265510299,51.065206393051476,47.47994274061597,39.27104108740336
91,76.8667246121581,19.673848366737825,85.3672880723778,13.333333333333334,2,1.3356163363008877,"[(91, 86), (91, 6)]",60.44141265510299,51.065206393051476,47.47994274061597,39.27104108740336
92,96.62072329917805,69.78738292440394,92.69345804362584,6.666666666666667,4,2.2906891961074507,"[(92, 292)]",60.44141265510299,51.065206393051476,47.47994274061597,39.27104108740336
93,38.576303007304865,80.5260668998373,100.0,0.0,5,3.0632181633613738,[],60.44141265510299,51.065206393051476,47.47994274061597,39.27104108740336
94,31.87819193514108,28.635988901301907,81.8365722086997,33.33333333333333,1,0.49174869700667206,"[(94, 32), (94, 218), (94, 22), (94, 111), (94, 194)]",60.44141265510299,51.065206393051476,47.47994274061597,39.27104108740336
95,61.53032775891996,53.3474109329759,73.90496818261154,20.0,2,1.3356163363008877,"[(95, 257), (95, 79), (95, 2)]",60.44141265510299,51.065206393051476,47.47994274061597,39.27104108740336
96,25.533818058113482,57.739589821481175,100.0,0.0,5,3.0632181633613738,[],60.44141265510299,51.065206393051476,47.47994274061597,39.27104108740336
97,48.16316559486182,86.71907863869414,80.1478518327022,0.0,4,2.2906891961074507,[],60.44141265510299,51.065206393051476,47.47994274061597,39.27104108740336
98,40.772586587177905,73.21501376212325,100.0,6.666666666666667,5,3.0632181633613738,"[(98, 287)]",60.44141265510299,51.065206393051476,47.47994274061597,39.27104108740336
99,94.55014121554031,25.523238810481324,82.78871495786284,26.666666666666668,2,1.3356163363008877,"[(99, 104), (99, 217), (99, 59), (99, 18)]",60.44141265510299,51.065206393051476,47.47994274061597,39.27104108740336
100,38.878646812511604,41.57890255258157,40.57313563355018,6.666666666666667,1,0.49174869700667206,"[(100, 106)]",60.44141265510299,51.065206393051476,47.47994274061597,39.27104108740336
101,63.20706367234782,45.9697149619662,66.90352513833827,33.33333333333333,2,1.3356163363008877,"[(101, 54), (101, 197), (101, 2), (101, 71), (101, 229)]",60.44141265510299,51.065206393051476,47.47994274061597,39.27104108740336
102,4.1562197502440625,3.259377760324554,37.11256631923428,0.0,1,0.49174869700667206,[],60.44141265510299,51.065206393051476,47.47994274061597,39.27104108740336
103,96.53943181157209,45.33470218451844,66.25765034630793,13.333333333333334,2,1.3356163363008877,"[(103, 42), (103, 35)]",60.44141265510299,51.065206393051476,47.47994274061597,39.27104108740336
104,97.43666811776451,30.468641584941775,92.01640449291175,20.0,2,1.3356163363008877,"[(104, 99), (104, 63), (104, 217)]",60.44141265510299,51.065206393051476,47.47994274061597,39.27104108740336
105,16.0079972447245,72.04823970024177,100.0,6.666666666666667,5,3.0632181633613738,"[(105, 294)]",60.44141265510299,51.065206393051476,47.47994274061597,39.27104108740336
106,38.31177567388448,44.50033147797788,66.36780168130029,13.333333333333334,1,0.49174869700667206,"[(106, 243), (106, 100)]",60.44141265510299,51.065206393051476,47.47994274061597,39.27104108740336
107,94.78563109106015,49.287607356285704,87.26039564214412,13.333333333333334,2,1.3356163363008877,"[(107, 35), (107, 19)]",60.44141265510299,51.065206393051476,47.47994274061597,39.27104108740336
108,56.621887745896345,83.51019830311819,87.71234841640114,40.0,4,2.2906891961074507,"[(108, 267), (108, 288), (108, 303), (108, 282), (108, 255), (108, 285)]",60.44141265510299,51.065206393051476,47.47994274061597,39.27104108740336
109,27.94606973039837,59.053747463864056,100.0,13.333333333333334,5,3.0632181633613738,"[(109, 215), (109, 44)]",60.44141265510299,51.065206393051476,47.47994274061597,39.27104108740336
110,78.02327323109404,60.90542133056421,97.7833701743604,20.0,2,1.3356163363008877,"[(110, 246), (110, 240), (110, 40)]",60.44141265510299,51.065206393051476,47.47994274061597,39.27104108740336
111,29.30432700321175,29.912804913315004,88.58082192950314,20.0,1,0.49174869700667206,"[(111, 218), (111, 94), (111, 204)]",60.44141265510299,51.065206393051476,47.47994274061597,39.27104108740336
112,83.04711761392821,76.95666456125082,90.99041599157036,26.666666666666668,4,2.2906891961074507,"[(112, 268), (112, 284), (112, 36), (112, 266)]",60.44141265510299,51.065206393051476,47.47994274061597,39.27104108740336
113,8.96066511606805,20.208078606590643,41.197582892104094,0.0,1,0.49174869700667206,[],60.44141265510299,51.065206393051476,47.47994274061597,39.27104108740336
114,63.23383547632291,33.99513892658676,78.49018706425738,33.33333333333333,2,1.3356163363008877,"[(114, 249), (114, 28), (114, 237), (114, 116), (114, 69)]",60.44141265510299,51.065206393051476,47.47994274061597,39.27104108740336
115,22.072913634663898,35.49283464918753,41.925812071159655,0.0,1,0.49174869700667206,[],60.44141265510299,51.065206393051476,47.47994274061597,39.27104108740336
116,64.81921582243629,28.504090483774288,61.964448052315454,33.33333333333333,2,1.3356163363008877,"[(116, 239), (116, 66), (116, 114), (116, 55), (116, 237)]",60.44141265510299,51.065206393051476,47.47994274061597,39.27104108740336
117,80.07439766571774,81.60883194230196,86.63274538732499,13.333333333333334,4,2.2906891961074507,"[(117, 296), (117, 297)]",60.44141265510299,51.065206393051476,47.47994274061597,39.27104108740336
118,23.56920755368227,44.815956880070594,88.92578603110763,6.666666666666667,1,0.49174869700667206,"[(118, 202)]",60.44141265510299,51.065206393051476,47.47994274061597,39.27104108740336
119,37.01550139899288,6.797515452671917,99.30637559814069,26.666666666666668,2,1.3356163363008877,"[(119, 134), (119, 80), (119, 125), (119, 176)]",60.44141265510299,51.065206393051476,47.47994274061597,39.27104108740336
120,81.2288065197018,91.57891652543262,94.00649135657314,0.0,4,2.2906891961074507,[],60.44141265510299,51.065206393051476,47.47994274061597,39.27104108740336
121,11.299193546621531,31.388799272690434,99.76832557430149,0.0,1,0.49174869700667206,[],60.44141265510299,51.065206393051476,47.47994274061597,39.27104108740336
122,65.95279077514462,11.401762320429897,72.77702343310072,53.333333333333336,3,1.8045644934378846,"[(122, 182), (122, 161), (122, 184), (122, 135), (122, 159), (122, 137), (122, 152), (122, 126)]",60.805081071692,47.49346549640244,11.606668131038,0.9002488336852005
123,32.7641878524546,12.775159478818242,75.50100239637571,26.666666666666668,3,1.8045644934378846,"[(123, 88), (123, 134), (123, 74), (123, 80)]",60.805081071692,47.49346549640244,11.606668131038,0.9002488336852005
124,22.5065836524605,11.322403943774354,91.65768746164366,33.33333333333333,3,1.8045644934378846,"[(124, 165), (124, 185), (124, 142), (124, 74), (124, 180)]",60.805081071692,47.49346549640244,11.606668131038,0.9002488336852005
125,34.119682437051054,12.177748522078074,73.37360562212648,53.333333333333336,3,1.8045644934378846,"[(125, 141), (125, 119), (125, 134), (125, 176), (125, 88), (125, 74), (125, 187), (125, 80)]",60.805081071692,47.49346549640244,11.606668131038,0.9002488336852005
126,69.89965757986654,12.599430317412812,99.34970847312599,60.0,3,1.8045644934378846,"[(126, 182), (126, 161), (126, 122), (126, 128), (126, 172), (126, 46), (126, 137), (126, 153), (126, 189)]",60.805081071692,47.49346549640244,11.606668131038,0.9002488336852005
127,19.11333424435614,11.866587727938379,91.27033509402938,6.666666666666667,3,1.8045644934378846,"[(127, 241)]",60.805081071692,47.49346549640244,11.606668131038,0.9002488336852005
128,70.99915043120772,10.955699449236375,84.5364297999009,60.0,3,1.8045644934378846,"[(128, 167), (128, 182), (128, 135), (128, 170), (128, 172), (128, 126), (128, 152), (128, 228), (128, 153)]",60.805081071692,47.49346549640244,11.606668131038,0.9002488336852005
129,7.2750923823561,11.690731974587887,71.89761501748147,6.666666666666667,3,1.8045644934378846,"[(129, 139)]",60.805081071692,47.49346549640244,11.606668131038,0.9002488336852005
130,10.75971717083334,11.084838703378349,83.59616658181601,26.666666666666668,3,1.8045644934378846,"[(130, 165), (130, 186), (130, 139), (130, 166)]",60.805081071692,47.49346549640244,11.606668131038,0.9002488336852005
131,78.53907801245215,11.280260519948042,79.07098608880504,53.333333333333336,3,1.8045644934378846,"[(131, 167), (131, 14), (131, 4), (131, 171), (131, 181), (131, 153), (131, 189), (131, 175)]",60.805081071692,47.49346549640244,11.606668131038,0.9002488336852005
132,43.01341898714007,11.481471171699322,80.72260483010957,53.333333333333336,3,1.8045644934378846,"[(132, 192), (132, 174), (132, 191), (132, 156), (132, 134), (132, 136), (132, 163), (132, 5)]",60.805081071692,47.49346549640244,11.606668131038,0.9002488336852005
133,82.8235875691881,11.61845676832196,91.1193043816408,40.0,3,1.8045644934378846,"[(133, 173), (133, 190), (133, 143), (133, 171), (133, 223), (133, 175)]",60.805081071692,47.49346549640244,11.606668131038,0.9002488336852005
134,37.84433097680552,11.137797758315049,94.9371474805621,66.66666666666666,3,1.8045644934378846,"[(134, 132), (134, 174), (134, 191), (134, 163), (134, 80), (134, 125), (134, 119), (134, 187), (134, 5), (134, 123)]",60.805081071692,47.49346549640244,11.606668131038,0.9002488336852005
135,69.37060593335536,11.885094805048743,85.75763115749136,60.0,3,1.8045644934378846,"[(135, 182), (135, 161), (135, 122), (135, 170), (135, 128), (135, 46), (135, 152), (135, 181), (135, 228)]",60.805081071692,47.49346549640244,11.606668131038,0.9002488336852005
136,45.46697765905671,10.89806004466031,64.1293089790597,26.666666666666668,3,1.8045644934378846,"[(136, 183), (136, 163), (136, 132), (136, 191)]",60.805081071692,47.49346549640244,11.606668131038,0.9002488336852005
137,69.73514884102764,13.539307426061223,98.46123452039251,66.66666666666666,2,1.3356163363008877,"[(137, 126), (137, 161), (137, 122), (137, 170), (137, 182), (137, 21), (137, 181), (137, 228), (137, 153), (137, 189)]",60.805081071692,47.49346549640244,11.606668131038,0.9002488336852005
138,28.802827259268426,11.09474193304298,92.53739737904316,80.0,3,1.8045644934378846,"[(138, 154), (138, 141), (138, 142), (138, 176), (138, 74), (138, 88), (138, 185), (138, 150), (138, 80), (138, 151), (138, 1), (138, 180)]",60.805081071692,47.49346549640244,11.606668131038,0.9002488336852005
139,4.599140898255733,12.666018676804141,90.75694797490799,20.0,3,1.8045644934378846,"[(139, 179), (139, 129), (139, 130)]",60.805081071692,47.49346549640244,11.606668131038,0.9002488336852005
140,59.99960322582453,10.50969997735907,80.21860218173109,66.66666666666666,3,1.8045644934378846,"[(140, 77), (140, 188), (140, 161), (140, 155), (140, 184), (140, 65), (140, 159), (140, 220), (140, 158), (140, 33)]",60.805081071692,47.49346549640244,11.606668131038,0.9002488336852005
141,29.797580286033547,13.513135528883996,73.95641816295439,60.0,3,1.8045644934378846,"[(141, 176), (141, 151), (141, 88), (141, 185), (141, 150), (141, 74), (141, 125), (141, 145), (141, 138)]",60.805081071692,47.49346549640244,11.606668131038,0.9002488336852005
142,27.37075172220446,12.870365026792491,84.51957483667888,46.666666666666664,3,1.8045644934378846,"[(142, 154), (142, 88), (142, 74), (142, 145), (142, 138), (142, 124), (142, 180)]",60.805081071692,47.49346549640244,11.606668131038,0.9002488336852005
143,88.33222663458747,11.060259534043334,94.60004184972723,53.333333333333336,3,1.8045644934378846,"[(143, 173), (143, 168), (143, 148), (143, 162), (143, 149), (143, 144), (143, 223), (143, 133)]",60.805081071692,47.49346549640244,11.606668131038,0.9002488336852005
144,88.71130507635517,12.551261779871856,88.97622609214808,40.0,3,1.8045644934378846,"[(144, 148), (144, 162), (144, 190), (144, 58), (144, 143), (144, 178)]",60.805081071692,47.49346549640244,11.606668131038,0.9002488336852005
145,25.765088984560755,10.79614114739748,91.24101938115831,46.666666666666664,3,1.8045644934378846,"[(145, 141), (145, 142), (145, 185), (145, 150), (145, 74), (145, 1), (145, 180)]",60.805081071692,47.49346549640244,11.606668131038,0.9002488336852005
146,99.28045119651193,10.446851027511872,67.44494051653896,6.666666666666667,3,1.8045644934378846,"[(146, 168)]",60.805081071692,47.49346549640244,11.606668131038,0.9002488336852005
147,52.9291501366537,11.035004601420312,97.28125105437904,33.33333333333333,3,1.8045644934378846,"[(147, 158), (147, 89), (147, 77), (147, 65), (147, 57)]",60.805081071692,47.49346549640244,11.606668131038,0.9002488336852005
148,89.72195481226598,12.268028467214718,69.3145114136052,33.33333333333333,3,1.8045644934378846,"[(148, 144), (148, 162), (148, 58), (148, 149), (148, 143)]",60.805081071692,47.49346549640244,11.606668131038,0.9002488336852005
149,93.06496259627517,12.370695770267375,80.6538277736125,40.0,3,1.8045644934378846,"[(149, 148), (149, 162), (149, 43), (149, 190), (149, 143), (149, 178)]",60.805081071692,47.49346549640244,11.606668131038,0.9002488336852005
150,31.119103272900368,12.623207732360477,80.23757391851915,46.666666666666664,3,1.8045644934378846,"[(150, 141), (150, 176), (150, 88), (150, 185), (150, 80), (150, 145), (150, 138)]",60.805081071692,47.49346549640244,11.606668131038,0.9002488336852005
151,30.487997118814942,11.128653059032736,80.2928566016999,53.333333333333336,3,1.8045644934378846,"[(151, 141), (151, 176), (151, 88), (151, 185), (151, 74), (151, 138), (151, 1), (151, 80)]",60.805081071692,47.49346549640244,11.606668131038,0.9002488336852005
152,68.40043536274032,10.350586985109553,88.07913855988045,46.666666666666664,3,1.8045644934378846,"[(152, 182), (152, 122), (152, 135), (152, 128), (152, 172), (152, 153), (152, 189)]",60.805081071692,47.49346549640244,11.606668131038,0.9002488336852005
153,71.86277092369106,11.987382884146838,70.61432228041728,80.0,3,1.8045644934378846,"[(153, 14), (153, 170), (153, 128), (153, 172), (153, 126), (153, 137), (153, 152), (153, 131), (153, 228), (153, 181), (153, 21), (153, 46)]",60.805081071692,47.49346549640244,11.606668131038,0.9002488336852005
154,23.07739892689598,12.262518270317305,74.53523672838153,26.666666666666668,3,1.8045644934378846,"[(154, 138), (154, 142), (154, 74), (154, 185)]",60.805081071692,47.49346549640244,11.606668131038,0.9002488336852005
155,58.35421427304817,12.085120716866735,72.42088145431802,73.33333333333333,3,1.8045644934378846,"[(155, 220), (155, 188), (155, 161), (155, 211), (155, 140), (155, 169), (155, 78), (155, 65), (155, 199), (155, 57), (155, 158)]",60.805081071692,47.49346549640244,11.606668131038,0.9002488336852005
156,45.513083919118,11.259418841795858,97.32396777272801,33.33333333333333,3,1.8045644934378846,"[(156, 183), (156, 163), (156, 132), (156, 174), (156, 164)]",60.805081071692,47.49346549640244,11.606668131038,0.9002488336852005
157,79.1448327203873,12.706865889864464,74.69137508928387,40.0,3,1.8045644934378846,"[(157, 173), (157, 14), (157, 181), (157, 223), (157, 189), (157, 175)]",60.805081071692,47.49346549640244,11.606668131038,0.9002488336852005
158,56.352550396462505,11.605528300348212,77.07816061351953,66.66666666666666,3,1.8045644934378846,"[(158, 188), (158, 155), (158, 140), (158, 177), (158, 169), (158, 65), (158, 159), (158, 220), (158, 33), (158, 147)]",60.805081071692,47.49346549640244,11.606668131038,0.9002488336852005
159,60.62915533801656,11.453703952381822,60.49288785447057,66.66666666666666,3,1.8045644934378846,"[(159, 211), (159, 140), (159, 177), (159, 184), (159, 170), (159, 122), (159, 199), (159, 248), (159, 220), (159, 158)]",60.805081071692,47.49346549640244,11.606668131038,0.9002488336852005
160,45.753889738228416,11.372672376557457,83.44412247828608,40.0,3,1.8045644934378846,"[(160, 174), (160, 191), (160, 183), (160, 192), (160, 163), (160, 5)]",60.805081071692,47.49346549640244,11.606668131038,0.9002488336852005
161,63.89086671551934,10.60338551267638,66.23350285714731,60.0,3,1.8045644934378846,"[(161, 182), (161, 188), (161, 155), (161, 140), (161, 122), (161, 135), (161, 177), (161, 126), (161, 137)]",60.805081071692,47.49346549640244,11.606668131038,0.9002488336852005
162,90.33066697389387,11.591744504836146,95.04550641491613,46.666666666666664,3,1.8045644934378846,"[(162, 168), (162, 148), (162, 149), (162, 190), (162, 144), (162, 143), (162, 178)]",60.805081071692,47.49346549640244,11.606668131038,0.9002488336852005
163,41.412062695498705,10.107827323952778,79.96809535033918,66.66666666666666,3,1.8045644934378846,"[(163, 132), (163, 174), (163, 191), (163, 183), (163, 156), (163, 134), (163, 136), (163, 187), (163, 5), (163, 160)]",60.805081071692,47.49346549640244,11.606668131038,0.9002488336852005
164,47.40114800906654,11.022904307554048,98.25393412257779,20.0,3,1.8045644934378846,"[(164, 192), (164, 169), (164, 156)]",60.805081071692,47.49346549640244,11.606668131038,0.9002488336852005
165,16.359613086561794,12.077929719159329,82.10191860342337,20.0,3,1.8045644934378846,"[(165, 186), (165, 130), (165, 124)]",60.805081071692,47.49346549640244,11.606668131038,0.9002488336852005
166,11.757109426569244,12.396088263199282,85.37541549226076,13.333333333333334,3,1.8045644934378846,"[(166, 186), (166, 130)]",60.805081071692,47.49346549640244,11.606668131038,0.9002488336852005
167,77.40231128416312,10.982531128784112,90.44510506801844,66.66666666666666,3,1.8045644934378846,"[(167, 223), (167, 128), (167, 4), (167, 14), (167, 21), (167, 131), (167, 228), (167, 181), (167, 189), (167, 175)]",60.805081071692,47.49346549640244,11.606668131038,0.9002488336852005
168,94.66495172471829,11.562075096394134,82.50218143076921,26.666666666666668,3,1.8045644934378846,"[(168, 162), (168, 146), (168, 143), (168, 178)]",60.805081071692,47.49346549640244,11.606668131038,0.9002488336852005
169,53.41832248916383,12.536432733097374,89.42473622686138,53.333333333333336,3,1.8045644934378846,"[(169, 77), (169, 155), (169, 65), (169, 164), (169, 192), (169, 220), (169, 158), (169, 33)]",60.805081071692,47.49346549640244,11.606668131038,0.9002488336852005
170,66.07295235485367,10.562206775421897,96.76420884365915,73.33333333333333,3,1.8045644934378846,"[(170, 182), (170, 177), (170, 135), (170, 128), (170, 172), (170, 159), (170, 199), (170, 137), (170, 181), (170, 228), (170, 153)]",60.805081071692,47.49346549640244,11.606668131038,0.9002488336852005
171,83.14545071767185,10.617052375270971,88.83038263061194,26.666666666666668,3,1.8045644934378846,"[(171, 131), (171, 173), (171, 133), (171, 76)]",60.805081071692,47.49346549640244,11.606668131038,0.9002488336852005
172,70.62535497164139,12.707566004172342,68.0337789689911,73.33333333333333,3,1.8045644934378846,"[(172, 182), (172, 170), (172, 128), (172, 126), (172, 21), (172, 152), (172, 181), (172, 228), (172, 153), (172, 189), (172, 46)]",60.805081071692,47.49346549640244,11.606668131038,0.9002488336852005
173,82.44517521185028,12.602788357858909,92.8708650864085,46.666666666666664,3,1.8045644934378846,"[(173, 190), (173, 157), (173, 143), (173, 171), (173, 223), (173, 133), (173, 175)]",60.805081071692,47.49346549640244,11.606668131038,0.9002488336852005
174,41.52217389808292,12.947526141421578,96.56362185611415,53.333333333333336,3,1.8045644934378846,"[(174, 132), (174, 134), (174, 183), (174, 156), (174, 191), (174, 163), (174, 5), (174, 160)]",60.805081071692,47.49346549640244,11.606668131038,0.9002488336852005
175,78.6481178463294,11.625334521782113,95.18624020878146,66.66666666666666,3,1.8045644934378846,"[(175, 167), (175, 14), (175, 157), (175, 4), (175, 21), (175, 223), (175, 181), (175, 173), (175, 131), (175, 133)]",60.805081071692,47.49346549640244,11.606668131038,0.9002488336852005
176,34.21553583499717,11.569143775154496,73.31603269526869,60.0,3,1.8045644934378846,"[(176, 141), (176, 119), (176, 151), (176, 150), (176, 80), (176, 125), (176, 138), (176, 187), (176, 74)]",60.805081071692,47.49346549640244,11.606668131038,0.9002488336852005
177,60.96155798788767,12.5375590940359,80.45961568613868,73.33333333333333,3,1.8045644934378846,"[(177, 77), (177, 161), (177, 211), (177, 57), (177, 184), (177, 170), (177, 159), (177, 248), (177, 220), (177, 158), (177, 33)]",60.805081071692,47.49346549640244,11.606668131038,0.9002488336852005
178,88.54156575170914,11.460228814125063,66.2176871217042,33.33333333333333,3,1.8045644934378846,"[(178, 144), (178, 162), (178, 190), (178, 149), (178, 168)]",60.805081071692,47.49346549640244,11.606668131038,0.9002488336852005
179,3.9211198913671694,11.494157613254146,77.11975845514146,13.333333333333334,3,1.8045644934378846,"[(179, 186), (179, 139)]",60.805081071692,47.49346549640244,11.606668131038,0.9002488336852005
180,22.347257477322273,11.708941138591046,77.2643516246188,46.666666666666664,3,1.8045644934378846,"[(180, 142), (180, 185), (180, 241), (180, 145), (180, 138), (180, 1), (180, 124)]",60.805081071692,47.49346549640244,11.606668131038,0.9002488336852005
181,72.54812173951792,12.178592390942644,69.5368707262129,80.0,3,1.8045644934378846,"[(181, 167), (181, 135), (181, 172), (181, 170), (181, 4), (181, 46), (181, 137), (181, 131), (181, 157), (181, 153), (181, 189), (181, 175)]",60.805081071692,47.49346549640244,11.606668131038,0.9002488336852005
182,64.48684787807346,10.316137895181383,76.48494950941671,73.33333333333333,3,1.8045644934378846,"[(182, 126), (182, 161), (182, 122), (182, 135), (182, 170), (182, 128), (182, 172), (182, 188), (182, 199), (182, 137), (182, 152)]",60.805081071692,47.49346549640244,11.606668131038,0.9002488336852005
183,46.25862293046704,10.892812630206127,94.13768250148384,40.0,3,1.8045644934378846,"[(183, 174), (183, 191), (183, 156), (183, 136), (183, 163), (183, 160)]",60.805081071692,47.49346549640244,11.606668131038,0.9002488336852005
184,60.57098435451609,11.300649367691538,61.30013990918438,66.66666666666666,3,1.8045644934378846,"[(184, 188), (184, 140), (184, 177), (184, 57), (184, 65), (184, 122), (184, 77), (184, 199), (184, 220), (184, 159)]",60.805081071692,47.49346549640244,11.606668131038,0.9002488336852005
185,27.047789508517617,11.501285338481548,61.78518436953458,60.0,3,1.8045644934378846,"[(185, 154), (185, 141), (185, 151), (185, 150), (185, 138), (185, 145), (185, 124), (185, 1), (185, 180)]",60.805081071692,47.49346549640244,11.606668131038,0.9002488336852005
186,10.051682439014996,12.133135561230494,76.69548924132461,26.666666666666668,3,1.8045644934378846,"[(186, 179), (186, 165), (186, 130), (186, 166)]",60.805081071692,47.49346549640244,11.606668131038,0.9002488336852005
187,39.446388909857994,11.908870350770286,78.82188129707706,26.666666666666668,3,1.8045644934378846,"[(187, 163), (187, 176), (187, 125), (187, 134)]",60.805081071692,47.49346549640244,11.606668131038,0.9002488336852005
188,60.49281844808173,11.352095384010543,66.77731879645624,80.0,3,1.8045644934378846,"[(188, 211), (188, 182), (188, 161), (188, 155), (188, 140), (188, 184), (188, 65), (188, 199), (188, 248), (188, 220), (188, 158), (188, 33)]",60.805081071692,47.49346549640244,11.606668131038,0.9002488336852005
189,73.6014596048242,9.72911056548314,79.51425220799806,73.33333333333333,3,1.8045644934378846,"[(189, 167), (189, 126), (189, 4), (189, 157), (189, 172), (189, 137), (189, 152), (189, 131), (189, 228), (189, 181), (189, 21)]",60.805081071692,47.49346549640244,11.606668131038,0.9002488336852005
190,88.86533969257523,11.660882711742639,76.67260776351694,46.666666666666664,3,1.8045644934378846,"[(190, 162), (190, 149), (190, 144), (190, 58), (190, 178), (190, 173), (190, 133)]",60.805081071692,47.49346549640244,11.606668131038,0.9002488336852005
191,43.977387581168614,11.287114859119315,86.97268268927647,53.333333333333336,3,1.8045644934378846,"[(191, 136), (191, 132), (191, 174), (191, 134), (191, 183), (191, 192), (191, 163), (191, 160)]",60.805081071692,47.49346549640244,11.606668131038,0.9002488336852005
192,48.58027519657111,10.72437934578612,94.08708338653562,33.33333333333333,3,1.8045644934378846,"[(192, 169), (192, 132), (192, 160), (192, 164), (192, 191)]",60.805081071692,47.49346549640244,11.606668131038,0.9002488336852005
193,43.390996463227154,56.50313073376364,100.0,13.333333333333334,5,3.0632181633613738,"[(193, 209), (193, 29)]",85.08982537700622,46.205660290260944,29.061383056182798,20.727989214250147
194,36.345799505802574,27.001877997440904,90.73295888247618,6.666666666666667,1,0.49174869700667206,"[(194, 94)]",85.08982537700622,46.205660290260944,29.061383056182798,20.727989214250147
195,71.53581506508887,25.605538445164587,71.58383559689612,53.333333333333336,2,1.3356163363008877,"[(195, 206), (195, 8), (195, 84), (195, 214), (195, 86), (195, 73), (195, 34), (195, 6)]",85.08982537700622,46.205660290260944,29.061383056182798,20.727989214250147
196,31.076836519218894,45.80364616142394,73.48757208276228,20.0,1,0.49174869700667206,"[(196, 231), (196, 48), (196, 243)]",85.08982537700622,46.205660290260944,29.061383056182798,20.727989214250147
197,58.384399937885284,43.36705179253691,42.545768087140715,13.333333333333334,2,1.3356163363008877,"[(197, 101), (197, 26)]",85.08982537700622,46.205660290260944,29.061383056182798,20.727989214250147
198,87.59727752859911,1.0184564333991588,93.34554773891651,13.333333333333334,2,1.3356163363008877,"[(198, 225), (198, 76)]",85.08982537700622,46.205660290260944,29.061383056182798,20.727989214250147
199,60.26420450371192,13.721929971516829,60.419938437459784,100.0,2,1.3356163363008877,"[(199, 182), (199, 188), (199, 155), (199, 211), (199, 57), (199, 77), (199, 184), (199, 65), (199, 170), (199, 159), (199, 38), (199, 248), (199, 220), (199, 33), (199, 25)]",85.08982537700622,46.205660290260944,29.061383056182798,20.727989214250147
200,51.486613867427835,26.03341913920108,84.20310806930206,13.333333333333334,2,1.3356163363008877,"[(200, 67), (200, 51)]",85.08982537700622,46.205660290260944,29.061383056182798,20.727989214250147
201,58.636564936548325,3.792715723167614,62.93384196860908,6.666666666666667,2,1.3356163363008877,"[(201, 89)]",85.08982537700622,46.205660290260944,29.061383056182798,20.727989214250147
202,18.251655422526056,41.061606247900045,23.62208169881302,6.666666666666667,1,0.49174869700667206,"[(202, 118)]",85.08982537700622,46.205660290260944,29.061383056182798,20.727989214250147
203,82.35221644202244,27.113298747442116,52.60180737523334,33.33333333333333,2,1.3356163363008877,"[(203, 214), (203, 30), (203, 34), (203, 205), (203, 86)]",85.08982537700622,46.205660290260944,29.061383056182798,20.727989214250147
204,24.627289035907808,27.78393496631279,65.72596688861134,13.333333333333334,1,0.49174869700667206,"[(204, 32), (204, 111)]",85.08982537700622,46.205660290260944,29.061383056182798,20.727989214250147
205,82.95569085984053,23.438756613873934,99.84229194794842,33.33333333333333,2,1.3356163363008877,"[(205, 30), (205, 203), (205, 214), (205, 86), (205, 34)]",85.08982537700622,46.205660290260944,29.061383056182798,20.727989214250147
206,67.59412204361989,21.15491696352621,76.05787036433432,46.666666666666664,2,1.3356163363008877,"[(206, 73), (206, 46), (206, 38), (206, 25), (206, 52), (206, 195), (206, 6)]",85.08982537700622,46.205660290260944,29.061383056182798,20.727989214250147
207,77.33794320701227,73.21569255395708,94.01227142094977,6.666666666666667,4,2.2906891961074507,"[(207, 284)]",85.08982537700622,46.205660290260944,29.061383056182798,20.727989214250147
208,69.01447713565061,39.41856734427701,74.54599393546488,33.33333333333333,2,1.3356163363008877,"[(208, 249), (208, 17), (208, 71), (208, 219), (208, 69)]",85.08982537700622,46.205660290260944,29.061383056182798,20.727989214250147
209,48.07624835252116,57.870796635491246,100.0,20.0,5,3.0632181633613738,"[(209, 82), (209, 242), (209, 193)]",85.08982537700622,46.205660290260944,29.061383056182798,20.727989214250147
210,81.99134067064877,31.389409664995473,54.15156744366929,13.333333333333334,2,1.3356163363008877,"[(210, 30), (210, 56)]",85.08982537700622,46.205660290260944,29.061383056182798,20.727989214250147
211,61.74952883110737,17.28000555924848,83.68212486389506,46.666666666666664,2,1.3356163363008877,"[(211, 188), (211, 155), (211, 78), (211, 177), (211, 159), (211, 199), (211, 248)]",85.08982537700622,46.205660290260944,29.061383056182798,20.727989214250147
212,87.89739013362485,35.15016962045122,83.17349021028535,13.333333333333334,2,1.3356163363008877,"[(212, 64), (212, 247)]",85.08982537700622,46.205660290260944,29.061383056182798,20.727989214250147
213,83.43714595323188,48.481916239654836,40.82141239918198,0.0,2,1.3356163363008877,[],85.08982537700622,46.205660290260944,29.061383056182798,20.727989214250147
214,77.918003466931,24.739073972648544,59.36086848980362,46.666666666666664,2,1.3356163363008877,"[(214, 203), (214, 86), (214, 84), (214, 30), (214, 205), (214, 34), (214, 195)]",85.08982537700622,46.205660290260944,29.061383056182798,20.727989214250147
215,28.607631888750674,59.964663343946285,100.0,13.333333333333334,5,3.0632181633613738,"[(215, 109), (215, 44)]",85.08982537700622,46.205660290260944,29.061383056182798,20.727989214250147
216,69.9649249019286,51.212277067408735,71.44210569166911,6.666666666666667,2,1.3356163363008877,"[(216, 81)]",85.08982537700622,46.205660290260944,29.061383056182798,20.727989214250147
217,96.11927307319408,28.34410255772083,62.13853692729335,20.0,2,1.3356163363008877,"[(217, 104), (217, 99), (217, 63)]",85.08982537700622,46.205660290260944,29.061383056182798,20.727989214250147
218,34.54066231216586,30.63203745846919,36.002596415343746,13.333333333333334,1,0.49174869700667206,"[(218, 111), (218, 94)]",85.08982537700622,46.205660290260944,29.061383056182798,20.727989214250147
219,72.74543004066014,37.32287251211117,61.51323811836669,13.333333333333334,2,1.3356163363008877,"[(219, 85), (219, 208)]",85.08982537700622,46.205660290260944,29.061383056182798,20.727989214250147
220,55.56319299340432,12.094258031854302,89.65815685921972,86.66666666666667,3,1.8045644934378846,"[(220, 77), (220, 155), (220, 140), (220, 177), (220, 57), (220, 184), (220, 65), (220, 188), (220, 199), (220, 169), (220, 158), (220, 33), (220, 159)]",85.08982537700622,46.205660290260944,29.061383056182798,20.727989214250147
221,97.70750580291546,54.46484475824839,44.623309477404824,0.0,2,1.3356163363008877,[],85.08982537700622,46.205660290260944,29.061383056182798,20.727989214250147
222,51.949934906979045,38.50672285369949,78.76331240522056,33.33333333333333,2,1.3356163363008877,"[(222, 26), (222, 227), (222, 245), (222, 233), (222, 50)]",85.08982537700622,46.205660290260944,29.061383056182798,20.727989214250147
223,83.1940163129982,7.954086676522518,83.44474784606109,60.0,2,1.3356163363008877,"[(223, 167), (223, 225), (223, 157), (223, 4), (223, 143), (223, 76), (223, 173), (223, 133), (223, 175)]",85.08982537700622,46.205660290260944,29.061383056182798,20.727989214250147
224,7.237398189621388,41.16654388476155,90.01241287299364,0.0,1,0.49174869700667206,[],85.08982537700622,46.205660290260944,29.061383056182798,20.727989214250147
225,85.57473530948536,2.304501961106567,52.13018465557149,13.333333333333334,2,1.3356163363008877,"[(225, 223), (225, 198)]",85.08982537700622,46.205660290260944,29.061383056182798,20.727989214250147
226,94.07457970396425,36.50846222669477,58.373184035513326,6.666666666666667,2,1.3356163363008877,"[(226, 23)]",85.08982537700622,46.205660290260944,29.061383056182798,20.727989214250147
227,52.30642116763423,35.538867911935284,95.58210671869739,33.33333333333333,2,1.3356163363008877,"[(227, 222), (227, 50), (227, 233), (227, 11), (227, 26)]",85.08982537700622,46.205660290260944,29.061383056182798,20.727989214250147
228,71.72098859794366,9.469037828779832,88.15883662471951,66.66666666666666,2,1.3356163363008877,"[(228, 167), (228, 14), (228, 135), (228, 189), (228, 170), (228, 128), (228, 172), (228, 137), (228, 153), (228, 21)]",85.08982537700622,46.205660290260944,29.061383056182798,20.727989214250147
229,65.01023500471477,41.28417715680949,85.74641228731672,6.666666666666667,2,1.3356163363008877,"[(229, 101)]",85.08982537700622,46.205660290260944,29.061383056182798,20.727989214250147
230,98.19406956352557,6.783095982674478,69.44008045664918,0.0,2,1.3356163363008877,[],85.08982537700622,46.205660290260944,29.061383056182798,20.727989214250147
231,29.423811058467585,39.350129063853586,63.67693410194206,13.333333333333334,1,0.49174869700667206,"[(231, 196), (231, 48)]",85.08982537700622,46.205660290260944,29.061383056182798,20.727989214250147
232,14.563890056939954,58.19967902738442,100.0,0.0,5,3.0632181633613738,[],85.08982537700622,46.205660290260944,29.061383056182798,20.727989214250147
233,47.92520628940078,40.320006501996225,69.78768459931443,26.666666666666668,2,1.3356163363008877,"[(233, 222), (233, 50), (233, 227), (233, 26)]",85.08982537700622,46.205660290260944,29.061383056182798,20.727989214250147
234,40.20734851497216,36.90073545821389,85.36795845549865,13.333333333333334,1,0.49174869700667206,"[(234, 50), (234, 61)]",85.08982537700622,46.205660290260944,29.061383056182798,20.727989214250147
235,58.758402059011935,45.65307858625722,49.548547507789806,26.666666666666668,2,1.3356163363008877,"[(235, 79), (235, 54), (235, 2), (235, 37)]",85.08982537700622,46.205660290260944,29.061383056182798,20.727989214250147
236,70.42841566024651,33.451756860761606,99.9324496904161,33.33333333333333,2,1.3356163363008877,"[(236, 239), (236, 10), (236, 31), (236, 66), (236, 69)]",85.08982537700622,46.205660290260944,29.061383056182798,20.727989214250147
237,63.01883660231534,34.24484107833044,59.49031578551425,33.33333333333333,2,1.3356163363008877,"[(237, 17), (237, 28), (237, 83), (237, 114), (237, 116)]",85.08982537700622,46.205660290260944,29.061383056182798,20.727989214250147
238,89.82358947805658,19.95129325272972,57.02425944010092,20.0,2,1.3356163363008877,"[(238, 3), (238, 58), (238, 59)]",85.08982537700622,46.205660290260944,29.061383056182798,20.727989214250147
239,69.61067838785796,31.240030398768205,87.76071724357266,46.666666666666664,2,1.3356163363008877,"[(239, 66), (239, 24), (239, 17), (239, 116), (239, 73), (239, 236), (239, 69)]",85.08982537700622,46.205660290260944,29.061383056182798,20.727989214250147
240,81.01554249157996,55.71711303447117,66.48885634546922,26.666666666666668,2,1.3356163363008877,"[(240, 41), (240, 246), (240, 40), (240, 110)]",85.08982537700622,46.205660290260944,29.061383056182798,20.727989214250147
241,21.226050070341294,17.226657058012457,98.87848438243039,13.333333333333334,1,0.49174869700667206,"[(241, 127), (241, 180)]",85.08982537700622,46.205660290260944,29.061383056182798,20.727989214250147
242,49.69956062609834,53.148897735877014,57.102042086527696,20.0,2,1.3356163363008877,"[(242, 209), (242, 79), (242, 37)]",85.08982537700622,46.205660290260944,29.061383056182798,20.727989214250147
243,37.18110103652863,45.67177366859897,29.860448634306703,20.0,1,0.49174869700667206,"[(243, 12), (243, 196), (243, 106)]",85.08982537700622,46.205660290260944,29.061383056182798,20.727989214250147
244,63.73856015753314,3.7676400126530325,52.701724719020945,13.333333333333334,2,1.3356163363008877,"[(244, 72), (244, 16)]",85.08982537700622,46.205660290260944,29.061383056182798,20.727989214250147
245,56.3160301548925,37.789581655247474,54.39922404343691,6.666666666666667,2,1.3356163363008877,"[(245, 222)]",85.08982537700622,46.205660290260944,29.061383056182798,20.727989214250147
246,80.85420135387687,62.32675817209162,66.51585740782575,20.0,2,1.3356163363008877,"[(246, 41), (246, 240), (246, 110)]",85.08982537700622,46.205660290260944,29.061383056182798,20.727989214250147
247,85.84407089903635,40.53232546557108,98.77206049975426,6.666666666666667,2,1.3356163363008877,"[(247, 212)]",85.08982537700622,46.205660290260944,29.061383056182798,20.727989214250147
248,61.11895718314911,16.977972313202116,74.34666664117708,53.333333333333336,2,1.3356163363008877,"[(248, 188), (248, 211), (248, 78), (248, 177), (248, 159), (248, 199), (248, 25), (248, 52)]",85.08982537700622,46.205660290260944,29.061383056182798,20.727989214250147
249,65.20068517896948,37.783336675587606,62.914110790213364,26.666666666666668,2,1.3356163363008877,"[(249, 17), (249, 114), (249, 208), (249, 69)]",85.08982537700622,46.205660290260944,29.061383056182798,20.727989214250147
250,32.21649310511023,92.92774045251748,100.0,0.0,5,3.0632181633613738,[],88.49424307934576,63.42053620627839,84.83842847882373,9.164575144288593
251,88.90083983673844,93.43874697245909,87.47672815956228,13.333333333333334,4,2.2906891961074507,"[(251, 275), (251, 293)]",88.49424307934576,63.42053620627839,84.83842847882373,9.164575144288593
252,19.08282187689079,92.17888032955807,100.0,13.333333333333334,5,3.0632181633613738,"[(252, 271), (252, 289)]",88.49424307934576,63.42053620627839,84.83842847882373,9.164575144288593
253,92.34123279115904,85.1164579166724,98.8080995862554,6.666666666666667,4,2.2906891961074507,"[(253, 276)]",88.49424307934576,63.42053620627839,84.83842847882373,9.164575144288593
254,67.31130516339935,94.53888419717224,87.79197202277813,13.333333333333334,4,2.2906891961074507,"[(254, 274), (254, 258)]",88.49424307934576,63.42053620627839,84.83842847882373,9.164575144288593
255,54.70113824120303,83.488407955396,81.97217749798523,46.666666666666664,4,2.2906891961074507,"[(255, 267), (255, 108), (255, 288), (255, 303), (255, 282), (255, 285), (255, 259)]",88.49424307934576,63.42053620627839,84.83842847882373,9.164575144288593
256,98.03669325851101,91.9055160792229,83.14033146514052,0.0,4,2.2906891961074507,[],88.49424307934576,63.42053620627839,84.83842847882373,9.164575144288593
257,65.00101383799384,58.87719087305325,67.93520511399511,13.333333333333334,2,1.3356163363008877,"[(257, 95), (257, 53)]",88.49424307934576,63.42053620627839,84.83842847882373,9.164575144288593
258,63.08065912307481,97.91629902713926,82.10777370357579,13.333333333333334,4,2.2906891961074507,"[(258, 90), (258, 254)]",88.49424307934576,63.42053620627839,84.83842847882373,9.164575144288593
259,54.330096545920654,76.9400694188832,92.88350814651814,20.0,4,2.2906891961074507,"[(259, 303), (259, 282), (259, 255)]",88.49424307934576,63.42053620627839,84.83842847882373,9.164575144288593
260,14.323985156821664,66.17975258285064,100.0,0.0,5,3.0632181633613738,[],88.49424307934576,63.42053620627839,84.83842847882373,9.164575144288593
261,81.10998166479663,84.69835923537939,98.21382538722536,13.333333333333334,4,2.2906891961074507,"[(261, 268), (261, 297)]",88.49424307934576,63.42053620627839,84.83842847882373,9.164575144288593
262,41.463507516510006,84.49142060326896,87.16487840254472,0.0,4,2.2906891961074507,[],88.49424307934576,63.42053620627839,84.83842847882373,9.164575144288593
263,61.59696442420584,74.55217800468994,90.14983001892573,6.666666666666667,4,2.2906891961074507,"[(263, 273)]",88.49424307934576,63.42053620627839,84.83842847882373,9.164575144288593
264,68.11405336113562,85.38165591601883,90.69168422872042,13.333333333333334,4,2.2906891961074507,"[(264, 283), (264, 269)]",88.49424307934576,63.42053620627839,84.83842847882373,9.164575144288593
265,70.97789337608107,80.87028803367619,89.90636239490694,6.666666666666667,4,2.2906891961074507,"[(265, 75)]",88.49424307934576,63.42053620627839,84.83842847882373,9.164575144288593
266,83.63938663187412,72.40517727105946,81.29809049823112,20.0,4,2.2906891961074507,"[(266, 112), (266, 284), (266, 36)]",88.49424307934576,63.42053620627839,84.83842847882373,9.164575144288593
267,58.85004245988043,78.62976522498907,98.86944895766084,26.666666666666668,4,2.2906891961074507,"[(267, 303), (267, 282), (267, 255), (267, 108)]",88.49424307934576,63.42053620627839,84.83842847882373,9.164575144288593
268,82.0846199434728,81.92930016230775,96.346618837055,26.666666666666668,4,2.2906891961074507,"[(268, 112), (268, 261), (268, 297), (268, 36)]",88.49424307934576,63.42053620627839,84.83842847882373,9.164575144288593
269,65.09248770581314,84.2767690498299,81.8423452127524,13.333333333333334,4,2.2906891961074507,"[(269, 283), (269, 264)]",88.49424307934576,63.42053620627839,84.83842847882373,9.164575144288593
270,23.644340276450464,83.16091611936683,100.0,6.666666666666667,5,3.0632181633613738,"[(270, 286)]",88.49424307934576,63.42053620627839,84.83842847882373,9.164575144288593
271,20.754483225638765,92.70864525427716,100.0,13.333333333333334,5,3.0632181633613738,"[(271, 289), (271, 252)]",88.49424307934576,63.42053620627839,84.83842847882373,9.164575144288593
272,26.78070492883417,86.3698780558086,100.0,6.666666666666667,5,3.0632181633613738,"[(272, 278)]",88.49424307934576,63.42053620627839,84.83842847882373,9.164575144288593
273,63.74971396940701,73.6930833610238,91.8483945787716,6.666666666666667,4,2.2906891961074507,"[(273, 263)]",88.49424307934576,63.42053620627839,84.83842847882373,9.164575144288593
274,71.34206780532459,94.18896807311971,85.53322618840687,6.666666666666667,4,2.2906891961074507,"[(274, 254)]",88.49424307934576,63.42053620627839,84.83842847882373,9.164575144288593
275,89.79467778557526,93.71347168627518,89.19041248982292,6.666666666666667,4,2.2906891961074507,"[(275, 251)]",88.49424307934576,63.42053620627839,84.83842847882373,9.164575144288593
276,90.60246087398407,83.35986111826922,80.58468086426356,6.666666666666667,4,2.2906891961074507,"[(276, 253)]",88.49424307934576,63.42053620627839,84.83842847882373,9.164575144288593
277,63.3450376529279,71.71040145839365,92.4658364126957,0.0,4,2.2906891961074507,[],88.49424307934576,63.42053620627839,84.83842847882373,9.164575144288593
278,27.940919013064637,88.44291019298124,100.0,6.666666666666667,5,3.0632181633613738,"[(278, 272)]",88.49424307934576,63.42053620627839,84.83842847882373,9.164575144288593
279,84.33832590998317,89.49313994010745,82.24921324216044,6.666666666666667,4,2.2906891961074507,"[(279, 297)]",88.49424307934576,63.42053620627839,84.83842847882373,9.164575144288593
280,14.363801127971072,85.47043427337869,100.0,6.666666666666667,5,3.0632181633613738,"[(280, 286)]",88.49424307934576,63.42053620627839,84.83842847882373,9.164575144288593
281,0.45219479598505075,89.68208402109254,100.0,0.0,5,3.0632181633613738,[],88.49424307934576,63.42053620627839,84.83842847882373,9.164575144288593
282,53.131750536665585,80.72736089712434,90.48678692320419,40.0,4,2.2906891961074507,"[(282, 267), (282, 108), (282, 288), (282, 303), (282, 255), (282, 259)]",88.49424307934576,63.42053620627839,84.83842847882373,9.164575144288593
283,63.243832196840756,87.52195075245776,81.59304939412793,20.0,4,2.2906891961074507,"[(283, 285), (283, 269), (283, 264)]",88.49424307934576,63.42053620627839,84.83842847882373,9.164575144288593
284,82.39737127560102,73.39423387439146,90.68436699443113,26.666666666666668,4,2.2906891961074507,"[(284, 207), (284, 112), (284, 266), (284, 36)]",88.49424307934576,63.42053620627839,84.83842847882373,9.164575144288593
285,60.54714291565416,85.14408626746722,80.22866955493396,26.666666666666668,4,2.2906891961074507,"[(285, 303), (285, 283), (285, 255), (285, 108)]",88.49424307934576,63.42053620627839,84.83842847882373,9.164575144288593
286,17.98359398136165,86.55753711138347,100.0,13.333333333333334,5,3.0632181633613738,"[(286, 270), (286, 280)]",88.49424307934576,63.42053620627839,84.83842847882373,9.164575144288593
287,40.23051004219267,73.42848109638493,100.0,13.333333333333334,5,3.0632181633613738,"[(287, 98), (287, 13)]",88.49424307934576,63.42053620627839,84.83842847882373,9.164575144288593
288,52.226531566578586,83.5867819034682,87.17923475109623,20.0,4,2.2906891961074507,"[(288, 282), (288, 255), (288, 108)]",88.49424307934576,63.42053620627839,84.83842847882373,9.164575144288593
289,23.695709238665955,94.88240901489877,100.0,13.333333333333334,5,3.0632181633613738,"[(289, 271), (289, 252)]",88.49424307934576,63.42053620627839,84.83842847882373,9.164575144288593
290,76.67823700296947,99.73921708740303,90.37305587585213,0.0,4,2.2906891961074507,[],88.49424307934576,63.42053620627839,84.83842847882373,9.164575144288593
291,35.040460613999734,94.62208677624349,100.0,0.0,5,3.0632181633613738,[],88.49424307934576,63.42053620627839,84.83842847882373,9.164575144288593
292,93.8844441668595,71.64143412085151,84.57453608995736,20.0,4,2.2906891961074507,"[(292, 298), (292, 92), (292, 295)]",88.49424307934576,63.42053620627839,84.83842847882373,9.164575144288593
293,91.44867395809453,95.81588628144837,85.82942657586644,6.666666666666667,4,2.2906891961074507,"[(293, 251)]",88.49424307934576,63.42053620627839,84.83842847882373,9.164575144288593
294,16.616860429304964,73.14499669032351,100.0,6.666666666666667,5,3.0632181633613738,"[(294, 105)]",88.49424307934576,63.42053620627839,84.83842847882373,9.164575144288593
295,96.20772684893656,73.84192018786973,96.01775534109875,13.333333333333334,4,2.2906891961074507,"[(295, 298), (295, 292)]",88.49424307934576,63.42053620627839,84.83842847882373,9.164575144288593
296,83.82836438515486,83.87181194771188,84.15035385197612,20.0,4,2.2906891961074507,"[(296, 297), (296, 36), (296, 117)]",88.49424307934576,63.42053620627839,84.83842847882373,9.164575144288593
297,84.03812012618394,84.82889851066126,84.3311829987815,33.33333333333333,4,2.2906891961074507,"[(297, 296), (297, 117), (297, 268), (297, 261), (297, 279)]",88.49424307934576,63.42053620627839,84.83842847882373,9.164575144288593
298,91.4966254471074,76.74793761403647,89.77143438615569,20.0,4,2.2906891961074507,"[(298, 292), (298, 295), (298, 36)]",88.49424307934576,63.42053620627839,84.83842847882373,9.164575144288593
299,5.341169370246476,87.5728536822138,100.0,6.666666666666667,5,3.0632181633613738,"[(299, 301)]",88.49424307934576,63.42053620627839,84.83842847882373,9.164575144288593
300,51.18229972835509,99.8590320904712,95.82947843375133,0.0,4,2.2906891961074507,[],88.49424307934576,63.42053620627839,84.83842847882373,9.164575144288593
301,5.669811419981514,80.93979509315405,100.0,6.666666666666667,5,3.0632181633613738,"[(301, 299)]",88.49424307934576,63.42053620627839,84.83842847882373,9.164575144288593
302,70.45696076933405,67.51101214046967,97.67939550497162,6.666666666666667,4,2.2906891961074507,"[(302, 305)]",88.49424307934576,63.42053620627839,84.83842847882373,9.164575144288593
303,57.695719832820245,80.90779385849223,80.18877508789086,40.0,4,2.2906891961074507,"[(303, 267), (303, 108), (303, 282), (303, 255), (303, 285), (303, 259)]",88.49424307934576,63.42053620627839,84.83842847882373,9.164575144288593
304,74.64189819463786,88.85071333316236,89.50857338186047,0.0,4,2.2906891961074507,[],88.49424307934576,63.42053620627839,84.83842847882373,9.164575144288593
305,70.10628173705098,73.13931810487793,82.99941640095258,6.666666666666667,4,2.2906891961074507,"[(305, 302)]",88.49424307934576,63.42053620627839,84.83842847882373,9.164575144288593
